<?xml version="1.0" encoding="UTF-8"?>
<zabbix_export>
    <version>2.0</version>
    <date>2017-07-07T02:15:43Z</date>
    <groups>
        <group>
            <name>新一代交易系统</name>
        </group>
    </groups>
    <hosts>
        <host>
            <host>NTP1_UATB_PPS1</host>
            <name>NTP1_UATB_PPS1</name>
            <description>新一代 UATB NTP1 PPS1</description>
            <proxy/>
            <status>0</status>
            <ipmi_authtype>-1</ipmi_authtype>
            <ipmi_privilege>2</ipmi_privilege>
            <ipmi_username/>
            <ipmi_password/>
            <templates>
                <template>
                    <name>CFETS OS Linux</name>
                </template>
            </templates>
            <groups>
                <group>
                    <name>新一代交易系统</name>
                </group>
            </groups>
            <interfaces>
                <interface>
                    <default>1</default>
                    <type>1</type>
                    <useip>1</useip>
                    <ip>199.31.233.115</ip>
                    <dns/>
                    <port>10050</port>
                    <bulk>1</bulk>
                    <interface_ref>if1</interface_ref>
                </interface>
            </interfaces>
            <applications/>
            <items/>
            <discovery_rules/>
            <macros/>
            <inventory/>
        </host>
        <host>
            <host>NTP1_UATB_PPS2</host>
            <name>NTP1_UATB_PPS2</name>
            <description>新一代 UATB NTP1 PPS2</description>
            <proxy/>
            <status>0</status>
            <ipmi_authtype>-1</ipmi_authtype>
            <ipmi_privilege>2</ipmi_privilege>
            <ipmi_username/>
            <ipmi_password/>
            <templates>
                <template>
                    <name>CFETS OS Linux</name>
                </template>
            </templates>
            <groups>
                <group>
                    <name>新一代交易系统</name>
                </group>
            </groups>
            <interfaces>
                <interface>
                    <default>1</default>
                    <type>1</type>
                    <useip>1</useip>
                    <ip>199.31.233.116</ip>
                    <dns/>
                    <port>10050</port>
                    <bulk>1</bulk>
                    <interface_ref>if1</interface_ref>
                </interface>
            </interfaces>
            <applications/>
            <items/>
            <discovery_rules/>
            <macros/>
            <inventory/>
        </host>
        <host>
            <host>NTP1_UATB_AMS1</host>
            <name>NTP1_UATB_AMS1</name>
            <description>新一代 UATB NTP1 AMS1</description>
            <proxy/>
            <status>0</status>
            <ipmi_authtype>-1</ipmi_authtype>
            <ipmi_privilege>2</ipmi_privilege>
            <ipmi_username/>
            <ipmi_password/>
            <templates>
                <template>
                    <name>CFETS OS Linux</name>
                </template>
            </templates>
            <groups>
                <group>
                    <name>新一代交易系统</name>
                </group>
            </groups>
            <interfaces>
                <interface>
                    <default>1</default>
                    <type>1</type>
                    <useip>1</useip>
                    <ip>199.31.224.105</ip>
                    <dns/>
                    <port>10050</port>
                    <bulk>1</bulk>
                    <interface_ref>if1</interface_ref>
                </interface>
            </interfaces>
            <applications/>
            <items/>
            <discovery_rules/>
            <macros/>
            <inventory/>
        </host>
        <host>
            <host>NTP1_UATB_AMS2</host>
            <name>NTP1_UATB_AMS2</name>
            <description>新一代 UATB NTP1 AMS2</description>
            <proxy/>
            <status>0</status>
            <ipmi_authtype>-1</ipmi_authtype>
            <ipmi_privilege>2</ipmi_privilege>
            <ipmi_username/>
            <ipmi_password/>
            <templates>
                <template>
                    <name>CFETS OS Linux</name>
                </template>
            </templates>
            <groups>
                <group>
                    <name>新一代交易系统</name>
                </group>
            </groups>
            <interfaces>
                <interface>
                    <default>1</default>
                    <type>1</type>
                    <useip>1</useip>
                    <ip>199.31.224.106</ip>
                    <dns/>
                    <port>10050</port>
                    <bulk>1</bulk>
                    <interface_ref>if1</interface_ref>
                </interface>
            </interfaces>
            <applications/>
            <items/>
            <discovery_rules/>
            <macros/>
            <inventory/>
        </host>
        <host>
            <host>NTP1_UATB_AAS1</host>
            <name>NTP1_UATB_AAS1</name>
            <description>新一代 UATB NTP1 AAS1</description>
            <proxy/>
            <status>0</status>
            <ipmi_authtype>-1</ipmi_authtype>
            <ipmi_privilege>2</ipmi_privilege>
            <ipmi_username/>
            <ipmi_password/>
            <templates>
                <template>
                    <name>CFETS OS Linux</name>
                </template>
            </templates>
            <groups>
                <group>
                    <name>新一代交易系统</name>
                </group>
            </groups>
            <interfaces>
                <interface>
                    <default>1</default>
                    <type>1</type>
                    <useip>1</useip>
                    <ip>199.31.224.111</ip>
                    <dns/>
                    <port>10050</port>
                    <bulk>1</bulk>
                    <interface_ref>if1</interface_ref>
                </interface>
            </interfaces>
            <applications/>
            <items/>
            <discovery_rules/>
            <macros/>
            <inventory/>
        </host>
        <host>
            <host>NTP1_UATB_AAS2</host>
            <name>NTP1_UATB_AAS2</name>
            <description>新一代 UATB NTP1 AAS2</description>
            <proxy/>
            <status>0</status>
            <ipmi_authtype>-1</ipmi_authtype>
            <ipmi_privilege>2</ipmi_privilege>
            <ipmi_username/>
            <ipmi_password/>
            <templates>
                <template>
                    <name>CFETS OS Linux</name>
                </template>
            </templates>
            <groups>
                <group>
                    <name>新一代交易系统</name>
                </group>
            </groups>
            <interfaces>
                <interface>
                    <default>1</default>
                    <type>1</type>
                    <useip>1</useip>
                    <ip>199.31.224.112</ip>
                    <dns/>
                    <port>10050</port>
                    <bulk>1</bulk>
                    <interface_ref>if1</interface_ref>
                </interface>
            </interfaces>
            <applications/>
            <items/>
            <discovery_rules/>
            <macros/>
            <inventory/>
        </host>
        <host>
            <host>NTP1_UATB_PFS1</host>
            <name>NTP1_UATB_PFS1</name>
            <description>新一代 UATB NTP1 PFS1</description>
            <proxy/>
            <status>0</status>
            <ipmi_authtype>-1</ipmi_authtype>
            <ipmi_privilege>2</ipmi_privilege>
            <ipmi_username/>
            <ipmi_password/>
            <templates>
                <template>
                    <name>CFETS OS Linux</name>
                </template>
            </templates>
            <groups>
                <group>
                    <name>新一代交易系统</name>
                </group>
            </groups>
            <interfaces>
                <interface>
                    <default>1</default>
                    <type>1</type>
                    <useip>1</useip>
                    <ip>199.31.224.101</ip>
                    <dns/>
                    <port>10050</port>
                    <bulk>1</bulk>
                    <interface_ref>if1</interface_ref>
                </interface>
            </interfaces>
            <applications/>
            <items/>
            <discovery_rules/>
            <macros/>
            <inventory/>
        </host>
        <host>
            <host>NTP1_UATB_PFS2</host>
            <name>NTP1_UATB_PFS2</name>
            <description>新一代 UATB NTP1 PFS2</description>
            <proxy/>
            <status>0</status>
            <ipmi_authtype>-1</ipmi_authtype>
            <ipmi_privilege>2</ipmi_privilege>
            <ipmi_username/>
            <ipmi_password/>
            <templates>
                <template>
                    <name>CFETS OS Linux</name>
                </template>
            </templates>
            <groups>
                <group>
                    <name>新一代交易系统</name>
                </group>
            </groups>
            <interfaces>
                <interface>
                    <default>1</default>
                    <type>1</type>
                    <useip>1</useip>
                    <ip>199.31.224.102</ip>
                    <dns/>
                    <port>10050</port>
                    <bulk>1</bulk>
                    <interface_ref>if1</interface_ref>
                </interface>
            </interfaces>
            <applications/>
            <items/>
            <discovery_rules/>
            <macros/>
            <inventory/>
        </host>
        <host>
            <host>NTP1_UATB_DPS1</host>
            <name>NTP1_UATB_DPS1</name>
            <description>新一代 UATB NTP1 DPS1</description>
            <proxy/>
            <status>0</status>
            <ipmi_authtype>-1</ipmi_authtype>
            <ipmi_privilege>2</ipmi_privilege>
            <ipmi_username/>
            <ipmi_password/>
            <templates>
                <template>
                    <name>CFETS OS Linux</name>
                </template>
            </templates>
            <groups>
                <group>
                    <name>新一代交易系统</name>
                </group>
            </groups>
            <interfaces>
                <interface>
                    <default>1</default>
                    <type>1</type>
                    <useip>1</useip>
                    <ip>199.31.224.107</ip>
                    <dns/>
                    <port>10050</port>
                    <bulk>1</bulk>
                    <interface_ref>if1</interface_ref>
                </interface>
            </interfaces>
            <applications/>
            <items/>
            <discovery_rules/>
            <macros/>
            <inventory/>
        </host>
        <host>
            <host>NTP1_UATB_DPS2</host>
            <name>NTP1_UATB_DPS2</name>
            <description>新一代 UATB NTP1 DPS2</description>
            <proxy/>
            <status>0</status>
            <ipmi_authtype>-1</ipmi_authtype>
            <ipmi_privilege>2</ipmi_privilege>
            <ipmi_username/>
            <ipmi_password/>
            <templates>
                <template>
                    <name>CFETS OS Linux</name>
                </template>
            </templates>
            <groups>
                <group>
                    <name>新一代交易系统</name>
                </group>
            </groups>
            <interfaces>
                <interface>
                    <default>1</default>
                    <type>1</type>
                    <useip>1</useip>
                    <ip>199.31.224.108</ip>
                    <dns/>
                    <port>10050</port>
                    <bulk>1</bulk>
                    <interface_ref>if1</interface_ref>
                </interface>
            </interfaces>
            <applications/>
            <items/>
            <discovery_rules/>
            <macros/>
            <inventory/>
        </host>
        <host>
            <host>NTP1_UATB_CBS1</host>
            <name>NTP1_UATB_CBS1</name>
            <description>新一代 UATB NTP1 CBS1</description>
            <proxy/>
            <status>0</status>
            <ipmi_authtype>-1</ipmi_authtype>
            <ipmi_privilege>2</ipmi_privilege>
            <ipmi_username/>
            <ipmi_password/>
            <templates>
                <template>
                    <name>CFETS OS Linux</name>
                </template>
            </templates>
            <groups>
                <group>
                    <name>新一代交易系统</name>
                </group>
            </groups>
            <interfaces>
                <interface>
                    <default>1</default>
                    <type>1</type>
                    <useip>1</useip>
                    <ip>199.31.224.109</ip>
                    <dns/>
                    <port>10050</port>
                    <bulk>1</bulk>
                    <interface_ref>if1</interface_ref>
                </interface>
            </interfaces>
            <applications/>
            <items/>
            <discovery_rules/>
            <macros/>
            <inventory/>
        </host>
        <host>
            <host>NTP1_UATB_CBS2</host>
            <name>NTP1_UATB_CBS2</name>
            <description>新一代 UATB NTP1 CBS2</description>
            <proxy/>
            <status>0</status>
            <ipmi_authtype>-1</ipmi_authtype>
            <ipmi_privilege>2</ipmi_privilege>
            <ipmi_username/>
            <ipmi_password/>
            <templates>
                <template>
                    <name>CFETS OS Linux</name>
                </template>
            </templates>
            <groups>
                <group>
                    <name>新一代交易系统</name>
                </group>
            </groups>
            <interfaces>
                <interface>
                    <default>1</default>
                    <type>1</type>
                    <useip>1</useip>
                    <ip>199.31.224.110</ip>
                    <dns/>
                    <port>10050</port>
                    <bulk>1</bulk>
                    <interface_ref>if1</interface_ref>
                </interface>
            </interfaces>
            <applications/>
            <items/>
            <discovery_rules/>
            <macros/>
            <inventory/>
        </host>
        <host>
            <host>NTP1_UATB_DB1</host>
            <name>NTP1_UATB_DB1</name>
            <description>新一代 UATB NTP1 DB1</description>
            <proxy/>
            <status>0</status>
            <ipmi_authtype>-1</ipmi_authtype>
            <ipmi_privilege>2</ipmi_privilege>
            <ipmi_username/>
            <ipmi_password/>
            <templates>
                <template>
                    <name>CFETS OS Linux</name>
                </template>
            </templates>
            <groups>
                <group>
                    <name>新一代交易系统</name>
                </group>
            </groups>
            <interfaces>
                <interface>
                    <default>1</default>
                    <type>1</type>
                    <useip>1</useip>
                    <ip>199.31.228.111</ip>
                    <dns/>
                    <port>10050</port>
                    <bulk>1</bulk>
                    <interface_ref>if1</interface_ref>
                </interface>
            </interfaces>
            <applications/>
            <items/>
            <discovery_rules/>
            <macros/>
            <inventory/>
        </host>
        <host>
            <host>UATB_WGT01</host>
            <name>UATB_WGT01</name>
            <description>新一代 UATB NTP1 WGT01</description>
            <proxy/>
            <status>0</status>
            <ipmi_authtype>-1</ipmi_authtype>
            <ipmi_privilege>2</ipmi_privilege>
            <ipmi_username/>
            <ipmi_password/>
            <templates>
                <template>
                    <name>CFETS OS Linux</name>
                </template>
            </templates>
            <groups>
                <group>
                    <name>新一代交易系统</name>
                </group>
            </groups>
            <interfaces>
                <interface>
                    <default>1</default>
                    <type>1</type>
                    <useip>1</useip>
                    <ip>199.31.233.101</ip>
                    <dns/>
                    <port>10050</port>
                    <bulk>1</bulk>
                    <interface_ref>if1</interface_ref>
                </interface>
            </interfaces>
            <applications/>
            <items/>
            <discovery_rules/>
            <macros/>
            <inventory/>
        </host>
        <host>
            <host>UATB_WGT02</host>
            <name>UATB_WGT02</name>
            <description>新一代 UATB NTP1 WGT02</description>
            <proxy/>
            <status>0</status>
            <ipmi_authtype>-1</ipmi_authtype>
            <ipmi_privilege>2</ipmi_privilege>
            <ipmi_username/>
            <ipmi_password/>
            <templates>
                <template>
                    <name>CFETS OS Linux</name>
                </template>
            </templates>
            <groups>
                <group>
                    <name>新一代交易系统</name>
                </group>
            </groups>
            <interfaces>
                <interface>
                    <default>1</default>
                    <type>1</type>
                    <useip>1</useip>
                    <ip>199.31.233.102</ip>
                    <dns/>
                    <port>10050</port>
                    <bulk>1</bulk>
                    <interface_ref>if1</interface_ref>
                </interface>
            </interfaces>
            <applications/>
            <items/>
            <discovery_rules/>
            <macros/>
            <inventory/>
        </host>
        <host>
            <host>UATB_WGT03</host>
            <name>UATB_WGT03</name>
            <description>新一代 UATB NTP1 WGT03</description>
            <proxy/>
            <status>0</status>
            <ipmi_authtype>-1</ipmi_authtype>
            <ipmi_privilege>2</ipmi_privilege>
            <ipmi_username/>
            <ipmi_password/>
            <templates>
                <template>
                    <name>CFETS OS Linux</name>
                </template>
            </templates>
            <groups>
                <group>
                    <name>新一代交易系统</name>
                </group>
            </groups>
            <interfaces>
                <interface>
                    <default>1</default>
                    <type>1</type>
                    <useip>1</useip>
                    <ip>199.31.233.103</ip>
                    <dns/>
                    <port>10050</port>
                    <bulk>1</bulk>
                    <interface_ref>if1</interface_ref>
                </interface>
            </interfaces>
            <applications/>
            <items/>
            <discovery_rules/>
            <macros/>
            <inventory/>
        </host>
        <host>
            <host>UATB_WGT04</host>
            <name>UATB_WGT04</name>
            <description>新一代 UATB NTP1 WGT04</description>
            <proxy/>
            <status>0</status>
            <ipmi_authtype>-1</ipmi_authtype>
            <ipmi_privilege>2</ipmi_privilege>
            <ipmi_username/>
            <ipmi_password/>
            <templates>
                <template>
                    <name>CFETS OS Linux</name>
                </template>
            </templates>
            <groups>
                <group>
                    <name>新一代交易系统</name>
                </group>
            </groups>
            <interfaces>
                <interface>
                    <default>1</default>
                    <type>1</type>
                    <useip>1</useip>
                    <ip>199.31.233.104</ip>
                    <dns/>
                    <port>10050</port>
                    <bulk>1</bulk>
                    <interface_ref>if1</interface_ref>
                </interface>
            </interfaces>
            <applications/>
            <items/>
            <discovery_rules/>
            <macros/>
            <inventory/>
        </host>
    </hosts>
</zabbix_export>
