        <host>
            <host>host_template</host>
            <name>name_template</name>
            <description>description_template</description>
            <proxy/>
            <status>0</status>
            <ipmi_authtype>-1</ipmi_authtype>
            <ipmi_privilege>2</ipmi_privilege>
            <ipmi_username/>
            <ipmi_password/>
            <templates>
                <template>
                    <name>CFETS OS Linux</name>
                </template>
            </templates>
            <groups>
                <group>
                    <name>group_template</name>
                </group>
            </groups>
            <interfaces>
                <interface>
                    <default>1</default>
                    <type>1</type>
                    <useip>1</useip>
                    <ip>ip_template</ip>
                    <dns/>
                    <port>10050</port>
                    <bulk>1</bulk>
                    <interface_ref>if1</interface_ref>
                </interface>
            </interfaces>
            <applications/>
            <items/>
            <discovery_rules/>
            <macros/>
            <inventory/>
        </host>
